,,Mario,Donkey Kong,Link,Samus & Dark Samus,Yoshi,Kirby,Fox,Pikachu,Luigi,Ness,Captain Falcon,Jigglypuff,Peach & Daisy,Bowser,Ice Climbers,Sheik,Zelda,Dr. Mario,Pichu,Falco,Marth,Lucina (Echo),Young Link,Ganondorf,Mewtwo,Roy,Chrom (Echo),Mr. Game & Watch,Meta Knight,Pit & Dark Pit,Zero Suit Samus,Wario,Snake,Ike,Pokemon Trainer,Diddy Kong,Lucas,Sonic,King Dedede,Olimar,Lucario,R.O.B.,Toon Link,Wolf,Villager,Mega Man,Wii Fit Trainer,Rosalina & Luma,Little Mac,Greninja,Mii Fighter (Brawler),Mii Fighter (Swordfighter),Mii Fighter (Gunner),Palutena,Pac-Man,Robin,Shulk,Bowser Jr.,Duck Hunt,Ryu,Ken (Echo),Cloud,Corrin,Bayonetta,Inkling,Ridley,Simon & Richter,King K. Rool,Isabelle,Incineroar,Piranha Plant,Joker,Hero,Banjo,Terry,Byleth,Min Min,Steve,Sephiroth,Aegis,Kazuya,Sora
,Avg winrate,"48,44%","49,66%","49,39%","50,91%","50,54%","50,54%","49,66%","46,87%","50,85%","49,27%","50,05%","47,24%","50,82%","49,03%","52,55%","49,34%","49,39%","49,60%","49,56%","50,03%","47,59%","47,29%","51,80%","49,20%","49,54%","47,64%","49,39%","51,46%","50,82%","48,27%","49,57%","48,61%","51,23%","49,78%","49,63%","52,52%","47,50%","51,15%","50,61%","50,59%","49,81%","51,31%","50,78%","49,09%","49,70%","52,35%","50,94%","51,54%","50,10%","50,44%","51,20%","51,19%","51,67%","49,17%","50,06%","49,86%","50,29%","50,76%","53,22%","50,16%","50,12%","48,89%",49%,"50,44%","48,86%","49,56%","51,41%","49,99%","50,42%","48,83%","49,54%","47,24%","49,76%","52,56%",51%,"47,81%","51,01%","52,03%","48,26%","49,51%","50,42%","47,76%"
Mario,"48,44%","50,01%","43,85%","51,18%","45,90%","52,96%","51,91%","53,44%","43,62%","60,30%","46,01%","46,34%","51,76%","50,24%","46,68%","65,27%","50,24%","49,95%","54,86%","49,80%","47,59%","57,15%","55,63%","49,75%","51,98%","49,32%","50,90%","49,19%","58,15%","50,56%","49,16%","50,70%","51,62%","49,97%","42,41%","50,58%","47,88%","54,68%","48,85%","42,63%","49,22%","46,87%","43,14%","50,00%","50,51%","49,35%","49,72%","48,29%","54,26%","55,27%","49,98%","53,71%","48,33%","45,27%","49,13%","51,11%","46,64%","52,30%","45,38%","49,78%","49,81%","48,98%","49,83%","50,72%","54,16%","43,91%","50,49%","46,89%","44,72%","52,12%","49,08%","47,64%","49,52%","47,68%","46,33%","54,68%","51,95%","46,70%","55,18%","50,42%","51,15%","57,78%","51,19%"
Donkey Kong,"49,66%","56,40%","49,98%","53,20%","51,24%","47,00%","47,65%","56,39%","57,36%","55,97%","52,22%","53,51%","49,48%","51,94%","54,31%","55,05%","51,80%","45,92%","49,82%","53,36%","57,22%","41,66%","48,54%","58,71%","49,76%","40,34%","47,27%","49,75%","54,27%","58,66%","49,84%","49,71%","53,00%","46,63%","39,54%","51,06%","45,37%","45,96%","50,12%","53,57%","49,61%","43,23%","51,60%","51,72%","44,25%","55,97%","59,02%","50,08%","61,56%","40,31%","48,41%","51,65%","50,24%","50,05%","57,57%","44,09%","54,50%","47,67%","50,74%","57,87%","47,90%","49,89%","42,77%","43,89%","53,34%","52,85%","46,97%","51,97%","50,19%","49,98%","44,76%","58,75%","49,07%","40,62%","48,76%","48,65%","51,01%","43,75%","50,58%","46,67%","43,30%","47,10%","56,83%"
Link,"49,39%","48,49%","46,54%","49,88%","51,36%","47,52%","54,11%","44,17%","53,08%","50,10%","46,81%","48,27%","47,60%","49,80%","51,95%","51,91%","47,67%","58,12%","50,04%","58,97%","50,36%","55,19%","50,29%","38,83%","49,85%","43,83%","49,97%","50,46%","51,38%","54,05%","47,67%","48,88%","50,03%","52,52%","49,62%","49,90%","45,53%","47,78%","54,02%","50,38%","49,43%","50,84%","46,10%","42,68%","47,49%","47,90%","46,90%","46,49%","46,87%","46,32%","49,34%","50,68%","52,01%","46,23%","53,23%","44,98%","47,06%","53,49%","49,65%","49,11%","45,13%","47,16%","49,97%","48,18%","56,85%","46,34%","50,03%","52,48%","51,51%","47,54%","57,79%","54,34%","47,99%","50,41%","51,70%","50,73%","53,30%","50,93%","48,92%","51,81%","50,16%","55,14%","48,25%"
Samus & Dark Samus,"50,91%","54,44%","48,56%","48,19%","49,98%","42,98%","43,27%","52,97%","47,77%","40,11%","50,26%","49,31%","50,94%","42,81%","48,69%","55,77%","53,54%","56,96%","49,22%","42,11%","59,57%","49,29%","50,78%","47,49%","49,80%","61,25%","52,20%","50,14%","51,94%","53,88%","54,30%","59,77%","49,43%","50,08%","50,18%","45,32%","47,39%","48,14%","43,73%","49,90%","66,00%","53,25%","49,86%","48,34%","51,73%","60,83%","47,09%","51,35%","59,36%","51,74%","48,89%","49,39%","53,67%","53,78%","49,67%","39,77%","43,18%","44,05%","45,76%","65,12%","46,73%","47,41%","50,13%","44,78%","53,74%","47,74%","47,47%","46,03%","49,62%","57,07%","46,26%","47,97%","50,17%","50,13%","54,54%","49,55%","42,62%","54,45%","52,94%","50,86%","51,50%","49,36%","41,43%"
Yoshi,"50,54%","46,69%","53,11%","52,37%","56,89%","50,01%","47,64%","49,81%","41,67%","55,03%","45,72%","48,05%","43,30%","50,21%","53,47%","53,53%","44,89%","50,31%","53,61%","37,87%","47,69%","56,35%","52,92%","53,72%","52,83%","51,71%","52,46%","53,59%","46,66%","38,33%","50,39%","48,67%","47,32%","43,27%","52,13%","47,26%","49,50%","41,01%","51,66%","50,21%","49,89%","49,69%","42,56%","56,24%","52,50%","50,42%","47,20%","55,03%","49,08%","57,17%","46,19%","48,18%","50,20%","47,19%","50,18%","54,00%","47,74%","49,41%","44,96%","60,10%","51,20%","46,18%","55,76%","57,68%","56,51%","44,05%","49,62%","46,87%","52,85%","49,71%","56,13%","56,33%","48,86%","52,26%","53,01%","53,27%","50,08%","42,80%","49,50%","50,27%","50,67%","54,32%","53,85%"
Kirby,"50,54%","48,11%","52,57%","45,78%","56,56%","52,48%","50,11%","48,60%","48,40%","63,36%","51,86%","44,36%","54,95%","50,94%","51,73%","50,79%","45,60%","47,33%","50,84%","43,90%","40,74%","53,84%","50,38%","51,16%","47,74%","51,77%","43,23%","42,73%","61,11%","51,99%","46,37%","46,16%","49,38%","59,71%","55,80%","52,38%","47,18%","52,60%","55,46%","53,70%","50,73%","51,09%","55,72%","57,16%","44,10%","41,04%","49,75%","39,82%","49,36%","37,03%","47,91%","44,73%","50,54%","49,69%","38,45%","57,76%","49,63%","47,80%","50,73%","53,94%","50,30%","41,43%","49,99%","58,62%","50,14%","50,42%","52,46%","50,62%","51,35%","49,02%","47,87%","50,83%","42,44%","49,22%","50,41%","40,50%","48,28%","47,92%","56,74%","48,31%","48,58%","42,00%","65,72%"
Fox,"49,66%","46,51%","43,72%","55,78%","47,30%","50,26%","51,73%","50,08%","46,74%","64,12%","59,09%","50,01%","50,69%","54,47%","59,39%","66,51%","41,11%","50,51%","56,20%","52,20%","51,04%","50,23%","50,83%","50,83%","53,36%","41,63%","51,48%","50,22%","49,75%","41,26%","49,76%","45,25%","57,03%","50,23%","46,49%","56,13%","49,64%","50,00%","47,97%","50,19%","51,87%","49,19%","48,80%","49,86%","55,62%","50,17%","49,82%","43,44%","54,92%","53,68%","46,14%","52,02%","44,68%","44,20%","49,54%","49,51%","43,78%","50,89%","50,86%","50,03%","49,52%","51,06%","54,07%","49,32%","47,74%","47,80%","54,26%","48,03%","42,45%","50,88%","58,11%","50,67%","47,01%","44,29%","47,25%","53,37%","50,58%","44,78%","52,15%","46,94%","46,81%","59,07%","43,77%"
Pikachu,"46,87%","55,63%","42,74%","46,50%","51,18%","56,70%","50,97%","52,51%","49,77%","51,26%","64,64%","48,77%","54,53%","50,52%","48,58%","59,84%","47,18%","55,07%","64,45%","50,26%","47,54%","51,83%","49,84%","49,05%","42,01%","49,90%","47,53%","45,13%","62,85%","46,02%","50,54%","40,79%","47,63%","54,48%","55,38%","47,81%","50,49%","62,82%","46,82%","46,35%","62,89%","58,49%","47,88%","48,89%","49,71%","50,75%","43,43%","44,98%","49,88%","51,98%","49,96%","51,77%","49,69%","50,29%","46,28%","58,48%","39,90%","46,83%","49,43%","49,76%","50,89%","43,63%","49,55%","50,40%","54,03%","51,56%","46,43%","37,45%","43,96%","53,96%","52,40%","54,46%","42,56%","49,64%","53,79%","53,50%","44,89%","39,78%","50,10%","44,12%","49,59%","47,93%","47,10%"
Luigi,"50,85%","38,86%","43,87%","49,73%","59,86%","45,13%","36,58%","35,59%","47,92%","50,07%","59,57%","40,95%","45,90%","51,49%","45,67%","66,57%","44,74%","46,97%","50,85%","50,18%","43,27%","51,63%","49,98%","50,49%","49,63%","52,74%","43,05%","45,39%","47,70%","36,42%","46,30%","54,18%","44,38%","57,29%","54,93%","45,11%","48,91%","64,16%","49,00%","47,83%","49,86%","49,52%","46,67%","57,15%","47,01%","63,76%","50,51%","51,02%","65,11%","36,02%","42,67%","43,86%","49,83%","66,32%","51,95%","60,42%","62,42%","61,47%","50,12%","56,35%","48,06%","39,87%","50,46%","50,27%","50,27%","48,00%","50,40%","60,61%","45,56%","58,74%","52,63%","54,78%","47,87%","53,77%","49,95%","49,64%","46,09%","51,14%","58,15%","61,26%","50,38%","41,04%","49,74%"
Ness,"49,27%","54,15%","47,83%","52,94%","49,76%","54,04%","48,48%","41,29%","33,84%","41,15%","50,02%","44,69%","50,46%","52,88%","51,35%","53,66%","48,77%","61,20%","51,77%","41,64%","42,11%","63,76%","60,42%","48,50%","49,63%","54,06%","50,13%","50,70%","59,23%","48,67%","50,36%","50,51%","48,83%","32,65%","56,05%","46,64%","50,45%","51,47%","49,00%","59,66%","50,62%","40,24%","51,67%","49,37%","42,70%","56,10%","50,59%","44,15%","59,30%","45,95%","43,70%","49,26%","51,07%","49,38%","58,81%","54,07%","52,56%","55,82%","50,31%","50,66%","49,52%","41,64%","52,79%","60,39%","52,06%","42,12%","47,93%","56,89%","47,52%","50,66%","48,11%","52,90%","49,85%","54,33%","53,82%","48,74%","50,06%","51,11%","55,63%","52,31%","52,32%","43,08%","55,50%"
Captain Falcon,"50,05%","53,95%","46,45%","51,59%","50,64%","51,95%","55,93%","50,09%","50,92%","59,00%","55,60%","50,02%","57,69%","50,02%","49,26%","57,93%","47,61%","48,29%","51,27%","61,41%","47,27%","49,64%","49,32%","53,75%","50,29%","46,67%","50,26%","50,15%","54,97%","50,58%","43,46%","48,08%","53,13%","49,79%","47,63%","55,56%","50,29%","54,31%","53,36%","50,52%","50,10%","50,10%","51,52%","48,31%","48,61%","59,56%","52,10%","46,78%","50,83%","48,62%","45,50%","50,46%","48,46%","50,53%","47,95%","50,06%","49,63%","50,07%","50,42%","50,37%","43,50%","50,91%","46,27%","47,46%","45,81%","56,10%","53,77%","47,13%","45,44%","49,92%","50,34%","49,09%","47,07%","40,83%","49,53%","50,13%","47,97%","48,97%","50,27%","48,51%","45,66%","52,96%","49,86%"
Jigglypuff,"47,24%","47,96%","50,26%","51,50%","48,75%","55,41%","45,38%","49,22%","44,56%","53,18%","49,39%","42,65%","49,81%","58,64%","41,57%","52,44%","50,23%","55,69%","50,15%","44,35%","44,65%","47,93%","50,43%","54,90%","43,03%","49,66%","49,53%","48,64%","50,26%","45,25%","50,40%","49,57%","48,91%","59,35%","62,13%","48,93%","50,58%","45,90%","59,54%","50,82%","49,94%","49,62%","48,20%","56,27%","46,59%","44,09%","50,47%","50,42%","56,74%","44,55%","44,21%","51,80%","40,16%","48,97%","53,28%","59,40%","50,79%","49,33%","49,52%","56,73%","42,11%","46,89%","48,14%","50,69%","56,86%","42,39%","43,39%","43,85%","44,18%","49,62%","48,14%","54,42%","43,55%","50,54%","55,99%","49,88%","48,09%","33,54%","57,89%","47,12%","49,76%","51,61%","58,66%"
Peach & Daisy,"50,82%","49,63%","47,70%","50,01%","57,09%","49,67%","49,07%","45,19%","48,28%","48,51%","46,66%","49,84%","39,11%","49,95%","49,46%","55,30%","48,98%","49,19%","49,03%","46,62%","50,62%","51,11%","46,88%","50,90%","50,59%","45,20%","48,08%","47,53%","50,75%","50,06%","47,76%","46,24%","45,93%","50,15%","50,73%","49,37%","43,33%","38,02%","56,06%","51,50%","44,59%","59,50%","47,71%","50,85%","49,62%","55,04%","50,95%","56,87%","49,74%","42,87%","41,18%","49,13%","50,57%","54,07%","47,24%","54,56%","54,10%","49,94%","49,44%","62,24%","41,65%","45,81%","52,40%","48,40%","49,06%","41,53%","45,22%","50,71%","41,73%","49,33%","49,47%","45,89%","49,52%","54,76%","53,78%","54,69%","49,42%","53,51%","55,50%","50,64%","50,43%","53,03%","61,40%"
Bowser,"49,03%","53,29%","45,72%","47,80%","50,94%","46,71%","48,52%","41,02%","50,97%","53,96%","48,64%","50,59%","58,34%","50,36%","49,96%","56,45%","48,69%","52,02%","48,55%","56,96%","54,64%","47,73%","45,18%","50,55%","56,72%","50,76%","49,31%","50,00%","49,88%","50,60%","46,20%","46,09%","56,23%","49,62%","45,09%","48,50%","48,93%","49,79%","50,57%","54,73%","49,32%","49,35%","49,57%","49,60%","41,11%","49,30%","59,57%","50,08%","46,43%","50,08%","50,45%","49,32%","49,54%","51,70%","51,65%","49,41%","55,25%","49,27%","52,18%","52,24%","41,51%","49,68%","39,68%","42,21%","48,18%","49,48%","54,61%","50,37%","48,40%","46,91%","48,45%","60,84%","49,80%","43,46%","50,67%","43,25%","50,43%","49,96%","55,32%","49,47%","42,21%","59,93%","50,19%"
Ice Climbers,"52,55%","31,94%","44,26%","47,49%","43,94%","46,28%","49,24%","31,62%","36,96%","32,38%","45,72%","41,30%","46,06%","44,34%","42,20%","50,10%","48,71%","67,18%","42,45%","40,84%","32,93%","50,74%","49,54%","45,76%","43,98%","43,42%","47,54%","49,47%","49,48%","38,37%","46,25%","50,40%","37,35%","70,20%","50,49%","42,09%","43,72%","49,98%","44,18%","58,17%","47,34%","46,97%","48,50%","61,41%","38,03%","59,93%","53,52%","49,41%","49,86%","61,53%","49,87%","43,84%","57,17%","56,25%","49,50%","66,18%","60,29%","49,40%","50,47%","64,90%","49,43%","39,19%","60,35%","55,59%","28,55%","34,90%","50,54%","73,87%","57,90%","53,09%","37,92%","63,37%","48,00%","67,86%","62,69%","45,87%","52,02%","62,14%","56,51%","60,75%","58,65%","44,72%","53,50%"
Sheik,"49,34%","49,56%","47,79%","51,80%","46,27%","54,60%","54,26%","58,79%","52,36%","54,86%","51,00%","52,08%","49,34%","50,38%","50,99%","50,67%","49,83%","47,71%","51,52%","55,50%","51,82%","51,26%","50,25%","50,91%","44,00%","40,41%","50,51%","47,89%","52,61%","46,30%","52,96%","45,58%","51,19%","50,35%","49,29%","50,63%","53,25%","47,39%","49,67%","52,36%","57,82%","50,61%","43,50%","45,94%","50,32%","49,05%","48,88%","50,58%","49,70%","49,63%","50,51%","57,08%","47,03%","49,68%","47,81%","49,32%","44,24%","49,81%","49,10%","51,25%","54,36%","57,01%","49,50%","48,11%","55,56%","50,92%","49,38%","35,64%","44,59%","49,94%","56,68%","53,14%","46,78%","47,07%","50,56%","53,92%","47,46%","38,54%","54,42%","44,21%","47,03%","55,21%","47,62%"
Zelda,"49,39%","50,11%","54,06%","41,91%","43,61%","49,85%","52,85%","49,63%","44,13%","53,01%","39,00%","51,77%","43,64%","50,57%","47,97%","35,19%","51,92%","50,06%","52,35%","48,79%","51,34%","53,59%","50,65%","43,63%","46,00%","51,41%","53,83%","55,68%","37,68%","51,41%","60,31%","57,05%","50,32%","46,20%","51,14%","50,28%","54,06%","47,79%","53,79%","35,80%","45,52%","48,58%","49,90%","46,97%","54,22%","49,59%","45,95%","55,05%","45,29%","57,98%","56,51%","49,25%","50,48%","45,99%","53,95%","43,38%","45,64%","53,87%","48,02%","40,54%","55,19%","52,89%","58,92%","55,95%","52,85%","55,89%","50,12%","48,16%","48,92%","50,80%","50,07%","37,42%","50,05%","58,08%","43,92%","49,83%","58,12%","49,29%","50,22%","49,86%","52,54%","54,86%","46,56%"
Dr. Mario,"49,60%","44,98%","50,24%","49,91%","50,76%","46,71%","49,35%","44,10%","33,64%","49,32%","48,35%","48,97%","49,69%","50,93%","51,62%","56,73%","49,96%","47,81%","50,08%","49,27%","45,65%","55,62%","50,66%","43,25%","63,53%","49,07%","49,77%","50,55%","52,88%","58,50%","49,18%","49,71%","51,18%","45,63%","50,67%","47,91%","41,19%","46,96%","50,06%","49,34%","43,99%","48,06%","49,90%","46,24%","50,73%","35,76%","41,86%","36,94%","55,09%","50,67%","49,96%","50,89%","50,66%","46,31%","51,91%","48,07%","47,40%","64,78%","49,24%","34,31%","48,42%","50,09%","52,99%","53,98%","50,64%","40,34%","60,72%","55,54%","51,04%","44,26%","54,76%","48,07%","50,91%","48,40%","46,88%","50,49%","54,49%","57,49%","57,08%","56,06%","52,41%","59,99%","50,08%"
Pichu,"49,56%","49,92%","45,97%","40,01%","56,98%","61,32%","55,81%","47,34%","49,13%","49,63%","58,18%","38,07%","55,35%","52,48%","41,92%","57,68%","43,54%","50,88%","50,54%","49,73%","39,82%","50,37%","51,09%","46,60%","38,87%","53,35%","43,93%","49,12%","60,29%","40,81%","50,95%","49,59%","52,67%","60,87%","56,23%","49,64%","49,27%","58,96%","46,94%","47,52%","52,10%","55,62%","50,73%","49,32%","53,23%","60,12%","47,22%","41,81%","50,36%","48,99%","49,82%","53,09%","40,93%","59,95%","51,51%","64,32%","46,21%","49,51%","50,64%","52,00%","49,70%","45,38%","49,17%","52,19%","47,04%","49,06%","50,58%","43,40%","50,56%","55,97%","50,19%","49,37%","38,88%","49,64%","52,31%","49,44%","43,46%","46,44%","53,04%","44,84%","45,88%","41,50%","48,96%"
Falco,"50,03%","52,57%","42,76%","49,93%","40,89%","52,24%","59,42%","49,14%","52,22%","56,63%","58,13%","52,76%","55,43%","49,38%","45,09%","65,29%","47,89%","48,75%","54,53%","59,51%","50,01%","51,68%","50,55%","53,65%","49,29%","42,99%","52,88%","52,78%","50,04%","50,21%","50,70%","50,38%","52,74%","46,51%","47,51%","53,78%","55,04%","57,34%","50,32%","39,74%","60,15%","48,63%","44,68%","50,12%","52,41%","38,76%","44,84%","44,20%","50,02%","60,40%","49,74%","50,17%","50,26%","40,15%","46,29%","44,22%","38,51%","51,76%","53,94%","43,93%","50,45%","51,92%","52,32%","52,00%","48,66%","50,37%","51,44%","46,98%","50,33%","50,55%","59,29%","47,28%","51,20%","49,46%","40,37%","56,14%","49,69%","46,68%","49,09%","54,85%","49,91%","59,20%","49,14%"
Marth,"47,59%","43,49%","57,32%","45,27%","50,51%","44,61%","47,07%","49,86%","47,92%","48,87%","37,60%","50,32%","51,63%","48,92%","51,92%","49,28%","48,69%","47,01%","45,43%","49,39%","48,66%","50,06%","49,66%","49,59%","53,26%","51,04%","49,72%","46,02%","45,35%","50,63%","52,51%","49,35%","50,32%","50,57%","47,38%","50,27%","49,72%","49,14%","49,80%","57,73%","47,83%","51,67%","50,30%","44,77%","50,72%","45,69%","50,91%","49,05%","50,33%","47,87%","55,73%","48,58%","51,10%","51,68%","45,18%","50,87%","49,59%","49,99%","53,53%","43,71%","45,28%","47,61%","46,27%","54,28%","49,74%","50,90%","59,71%","50,52%","57,00%","48,47%","57,02%","51,17%","50,31%","48,80%","49,77%","50,94%","54,24%","50,34%","50,67%","55,11%","49,77%","56,15%","53,45%"
Lucina (Echo),"47,29%","44,31%","50,83%","49,21%","48,89%","47,06%","49,54%","49,10%","49,77%","49,84%","39,99%","50,14%","49,23%","51,84%","54,08%","50,10%","49,40%","49,22%","49,31%","49,38%","49,20%","50,18%","49,84%","49,28%","51,88%","50,71%","49,87%","49,11%","50,30%","49,80%","51,75%","46,46%","48,94%","50,17%","49,99%","51,25%","50,43%","49,22%","50,52%","58,67%","47,88%","50,64%","48,63%","45,41%","49,07%","48,41%","48,58%","46,09%","50,72%","48,34%","54,92%","48,95%","49,66%","51,09%","44,08%","50,45%","49,44%","48,99%","52,76%","45,23%","48,47%","48,34%","46,40%","50,55%","50,13%","50,97%","57,75%","50,85%","54,91%","42,32%","51,86%","52,36%","50,35%","45,12%","50,13%","47,12%","53,83%","49,18%","51,11%","55,76%","46,75%","54,99%","52,95%"
Young Link,"51,80%","50,05%","39,81%","61,99%","52,43%","45,68%","49,81%","49,80%","50,34%","49,42%","51,52%","45,50%","42,61%","48,88%","50,00%","54,18%","48,65%","57,14%","57,57%","53,08%","45,50%","50,60%","50,34%","49,90%","53,48%","50,05%","49,85%","51,76%","42,04%","44,64%","49,99%","45,02%","50,71%","45,41%","50,14%","40,39%","48,17%","49,07%","48,00%","43,22%","49,14%","52,51%","46,92%","49,47%","50,26%","56,39%","46,39%","49,54%","48,94%","48,43%","46,29%","53,02%","50,09%","50,02%","49,95%","53,85%","49,87%","59,48%","52,09%","56,30%","57,29%","59,31%","53,30%","49,91%","48,43%","43,78%","41,13%","59,53%","52,72%","45,68%","50,65%","49,54%","49,33%","55,20%","55,46%","54,30%","49,91%","52,49%","50,80%","48,85%","55,43%","47,92%","43,43%"
Ganondorf,"49,20%","47,83%","50,15%","50,32%","50,08%","47,21%","52,22%","46,74%","57,91%","50,34%","50,32%","49,67%","56,85%","49,30%","42,95%","55,01%","55,28%","53,99%","36,81%","59,99%","50,56%","46,18%","47,39%","46,59%","49,93%","53,89%","48,00%","52,36%","57,73%","64,38%","54,85%","46,17%","48,89%","53,40%","37,55%","54,90%","45,77%","58,98%","54,34%","58,26%","43,45%","39,53%","51,30%","48,59%","40,15%","59,72%","49,50%","49,58%","51,54%","48,63%","56,01%","46,29%","51,61%","50,17%","51,08%","44,72%","49,90%","41,69%","52,51%","57,00%","33,56%","44,63%","43,26%","43,03%","47,98%","54,47%","53,56%","57,84%","45,38%","47,46%","40,50%","52,10%","51,58%","46,63%","49,74%","40,55%","50,56%","53,16%","49,40%","46,92%","41,99%","50,09%","51,52%"
Mewtwo,"49,54%","50,93%","59,60%","55,99%","39,72%","48,63%","48,75%","58,48%","49,95%","47,79%","46,20%","53,39%","50,25%","54,28%","49,29%","55,71%","59,04%","48,91%","51,08%","46,50%","57,03%","48,99%","48,95%","49,86%","46,18%","50,10%","54,83%","53,17%","48,33%","46,89%","49,38%","52,88%","52,29%","47,75%","50,08%","49,39%","53,36%","36,82%","49,46%","42,47%","54,31%","49,73%","50,88%","49,85%","54,63%","41,93%","44,95%","46,16%","60,42%","57,98%","55,99%","52,33%","48,93%","49,75%","52,53%","49,85%","43,55%","45,39%","48,85%","53,93%","48,94%","52,24%","52,31%","50,41%","52,44%","51,52%","49,35%","48,68%","45,48%","50,81%","46,75%","43,05%","49,01%","49,72%","51,28%","54,20%","49,42%","54,66%","54,01%","48,44%","49,91%","48,96%","45,88%"
Roy,"47,64%","48,77%","52,05%","50,24%","47,58%","47,39%","55,92%","48,41%","51,68%","55,81%","49,69%","49,56%","50,75%","50,88%","50,15%","51,31%","49,14%","46,09%","50,07%","54,46%","46,96%","50,14%","50,39%","49,69%","51,33%","45,22%","49,80%","48,99%","51,34%","49,57%","50,31%","45,80%","51,78%","51,31%","44,25%","55,60%","51,94%","54,49%","47,35%","52,13%","50,18%","45,44%","47,03%","47,49%","49,74%","50,05%","47,10%","48,71%","50,28%","51,25%","55,07%","49,65%","49,70%","50,72%","43,33%","49,90%","49,49%","50,14%","47,63%","51,66%","48,53%","50,58%","44,95%","48,05%","45,94%","50,56%","55,22%","50,38%","51,19%","47,08%","51,98%","50,40%","52,88%","40,90%","44,70%","52,39%","48,51%","48,41%","50,64%","46,69%","48,12%","58,01%","50,13%"
Chrom (Echo),"49,39%","50,89%","50,29%","49,49%","50,00%","46,79%","57,27%","49,92%","54,92%","54,46%","49,39%","49,24%","51,29%","52,02%","50,02%","50,28%","51,71%","44,57%","49,59%","50,63%","47,46%","54,78%","50,82%","48,50%","47,63%","47,15%","50,90%","50,06%","47,16%","53,27%","50,15%","48,79%","51,48%","49,64%","49,44%","59,60%","49,97%","54,21%","51,68%","50,04%","48,61%","42,08%","47,44%","46,09%","48,23%","41,31%","53,06%","49,31%","44,89%","50,56%","57,51%","49,52%","49,25%","50,49%","46,52%","50,76%","48,64%","50,56%","45,72%","49,17%","53,58%","51,70%","46,84%","49,34%","49,35%","54,69%","52,36%","49,15%","56,29%","49,05%","55,04%","50,66%","55,03%","44,60%","50,44%","46,92%","50,07%","58,01%","47,82%","49,62%","48,29%","55,01%","53,02%"
Mr. Game & Watch,"51,46%","41,38%","45,86%","48,66%","48,47%","53,82%","39,08%","50,55%","34,99%","52,90%","40,54%","45,32%","49,40%","49,42%","50,49%","50,31%","47,29%","63,76%","47,48%","39,20%","49,80%","55,99%","49,37%","57,60%","41,93%","52,48%","48,26%","53,67%","50,21%","50,56%","55,96%","62,46%","46,67%","36,09%","62,72%","53,19%","55,07%","50,14%","53,58%","49,85%","57,81%","50,56%","49,11%","54,30%","49,96%","37,97%","59,91%","45,58%","57,77%","53,12%","45,18%","53,59%","55,06%","48,03%","58,89%","49,54%","51,21%","54,63%","55,44%","49,70%","43,89%","34,32%","56,56%","53,61%","53,08%","47,86%","49,69%","49,70%","49,57%","54,47%","49,81%","50,10%","49,05%","60,74%","50,18%","44,75%","54,60%","51,62%","60,97%","54,02%","57,22%","42,74%","52,31%"
Meta Knight,"50,82%","49,81%","40,69%","45,30%","46,01%","61,77%","47,97%","59,29%","53,94%","63,83%","51,40%","49,31%","54,93%","49,85%","48,97%","60,93%","53,48%","48,36%","41,03%","58,93%","49,74%","49,13%","50,62%","54,67%","34,21%","53,54%","50,67%","46,30%","49,61%","49,96%","49,24%","47,84%","50,67%","56,49%","55,48%","56,42%","62,19%","42,70%","49,91%","41,46%","54,12%","51,54%","46,62%","52,93%","53,67%","47,67%","50,47%","46,74%","45,63%","47,11%","55,63%","53,30%","49,09%","50,56%","47,00%","57,28%","50,20%","57,97%","48,98%","54,40%","55,79%","54,21%","47,77%","50,04%","58,58%","56,61%","45,28%","35,98%","35,55%","53,32%","44,38%","60,93%","43,19%","47,65%","55,61%","49,62%","49,32%","36,03%","53,74%","46,55%","50,24%","45,97%","49,80%"
Pit & Dark Pit,"48,27%","50,68%","50,05%","51,75%","45,95%","49,54%","53,29%","50,22%","48,81%","53,16%","49,59%","55,87%","49,07%","51,41%","53,45%","52,67%","46,88%","40,09%","50,77%","48,57%","49,26%","47,23%","47,70%","50,53%","45,09%","50,60%","49,43%","49,85%","44,90%","50,20%","49,94%","51,27%","49,79%","48,40%","49,81%","50,06%","50,57%","50,01%","48,69%","50,58%","53,73%","49,84%","50,16%","49,94%","50,90%","42,87%","49,05%","45,03%","50,45%","55,36%","47,09%","54,56%","48,39%","49,03%","42,41%","49,99%","49,76%","49,47%","51,18%","49,57%","51,61%","56,00%","48,31%","50,23%","55,31%","50,36%","51,82%","39,64%","53,46%","47,37%","52,12%","45,49%","44,92%","44,13%","51,56%","61,85%","46,83%","48,49%","55,76%","48,52%","47,64%","59,38%","50,46%"
Zero Suit Samus,"49,57%","49,15%","50,24%","50,80%","40,68%","51,16%","53,88%","54,79%","59,44%","46,10%","49,44%","51,83%","50,08%","53,20%","53,88%","49,77%","53,89%","42,86%","50,34%","50,10%","49,60%","50,89%","53,46%","53,84%","53,68%","47,16%","54,01%","51,31%","38,54%","51,78%","48,34%","49,96%","57,33%","50,81%","51,38%","51,44%","61,45%","37,09%","54,51%","45,54%","52,40%","49,87%","47,38%","50,14%","57,26%","45,30%","49,34%","51,07%","46,49%","54,19%","51,11%","52,64%","48,07%","44,26%","47,93%","55,18%","43,12%","58,13%","49,84%","52,66%","54,30%","57,13%","52,69%","51,84%","53,44%","56,26%","44,55%","34,77%","55,32%","50,08%","49,88%","60,27%","49,73%","46,63%","51,21%","50,27%","48,38%","41,95%","45,12%","45,03%","54,78%","48,76%","48,05%"
Wario,"48,61%","48,26%","46,98%","49,76%","50,10%","52,12%","50,58%","43,38%","51,86%","54,91%","50,96%","47,00%","50,84%","53,02%","43,67%","60,20%","48,62%","49,66%","48,86%","46,95%","47,30%","49,43%","50,64%","49,08%","50,73%","47,87%","47,63%","48,60%","53,03%","49,21%","50,06%","42,83%","49,92%","52,65%","51,14%","52,25%","48,21%","47,91%","51,51%","49,53%","49,68%","49,36%","45,98%","51,85%","50,37%","50,46%","47,76%","49,01%","52,83%","46,40%","44,06%","49,01%","49,38%","49,09%","49,37%","52,47%","51,58%","49,76%","49,51%","51,28%","50,25%","52,03%","49,79%","50,63%","50,13%","47,44%","49,40%","48,14%","47,12%","52,89%","49,70%","50,38%","47,30%","50,06%","49,09%","57,29%","49,53%","42,16%","55,86%","43,28%","50,34%","56,71%","55,85%"
Snake,"51,23%","50,28%","53,79%","47,28%","50,04%","57,14%","40,29%","49,96%","44,31%","43,01%","68,94%","50,55%","38,96%","49,94%","50,13%","31,37%","49,48%","54,49%","55,06%","38,37%","53,98%","49,38%","49,65%","54,35%","46,37%","52,92%","48,12%","50,56%","64,72%","43,68%","51,87%","49,24%","46,92%","50,14%","51,08%","50,13%","47,28%","72,59%","45,31%","50,53%","50,31%","55,19%","50,03%","55,67%","51,97%","51,06%","56,74%","58,76%","49,75%","52,33%","45,80%","52,16%","52,75%","59,53%","50,68%","48,46%","48,48%","35,55%","44,83%","42,42%","58,25%","48,02%","47,65%","43,80%","40,46%","55,57%","46,72%","50,54%","53,70%","49,81%","60,74%","41,54%","53,18%","55,21%","52,82%","45,14%","49,50%","55,22%","42,31%","50,90%","52,34%","48,41%","42,90%"
Ike,"49,78%","58,18%","60,63%","50,44%","49,94%","48,29%","44,86%","53,92%","43,89%","45,76%","44,24%","52,64%","36,88%","49,39%","55,27%","49,72%","50,67%","49,26%","49,56%","43,72%","52,78%","53,43%","49,96%","49,84%","62,76%","50,17%","56,01%","51,02%","38,69%","45,08%","50,28%","48,86%","48,86%","49,54%","50,15%","54,49%","52,21%","44,56%","49,66%","50,46%","47,22%","49,67%","54,18%","48,97%","50,28%","41,89%","49,65%","48,25%","46,37%","49,88%","49,63%","51,13%","50,34%","49,07%","50,51%","49,22%","50,44%","49,52%","48,80%","49,81%","50,06%","53,07%","46,63%","51,31%","56,59%","44,80%","57,95%","55,29%","59,79%","40,66%","49,19%","51,80%","47,70%","48,39%","51,77%","45,08%","49,80%","53,94%","50,23%","47,09%","48,63%","49,99%","53,32%"
Pokemon Trainer,"49,63%","49,35%","48,92%","49,99%","54,37%","52,64%","47,88%","44,03%","51,95%","54,83%","53,50%","44,58%","50,84%","50,39%","51,51%","57,02%","49,21%","49,78%","52,26%","50,87%","46,26%","49,70%","48,10%","58,21%","44,83%","50,73%","43,49%","40,25%","47,40%","43,85%","49,69%","48,47%","47,35%","50,01%","45,76%","50,01%","50,07%","53,00%","50,56%","50,12%","53,74%","49,29%","57,07%","53,17%","47,97%","50,67%","50,93%","49,53%","40,59%","50,52%","44,48%","49,33%","49,31%","52,34%","44,31%","54,47%","60,00%","46,66%","50,30%","51,48%","61,07%","59,87%","48,75%","49,86%","50,44%","47,75%","50,14%","50,06%","51,54%","48,63%","48,87%","51,92%","47,28%","50,43%","50,48%","53,60%","48,37%","50,49%","49,16%","46,62%","45,19%","49,65%","54,70%"
Diddy Kong,"52,52%","52,36%","55,04%","54,69%","52,71%","50,56%","53,36%","50,41%","49,40%","51,32%","49,96%","49,52%","49,86%","56,93%","51,08%","56,37%","45,74%","45,17%","59,96%","50,45%","44,23%","50,11%","49,64%","51,60%","54,56%","45,98%","46,65%","49,99%","44,97%","36,98%","49,70%","36,86%","51,90%","53,13%","47,53%","49,66%","49,99%","44,62%","48,61%","44,60%","59,74%","50,31%","49,99%","51,86%","53,66%","63,12%","47,27%","55,54%","49,01%","50,47%","45,13%","52,73%","49,14%","54,91%","41,69%","60,92%","45,78%","47,55%","51,17%","57,59%","51,57%","47,55%","51,31%","49,20%","44,32%","49,86%","49,58%","48,07%","52,84%","63,72%","52,60%","51,17%","49,89%","54,05%","54,30%","49,43%","45,09%","42,10%","56,59%","42,36%","49,71%","47,11%","46,70%"
Lucas,"47,50%","44,95%","53,10%","51,20%","50,83%","57,35%","47,33%","49,65%","35,99%","36,88%","48,14%","45,56%","53,18%","59,56%","49,88%","49,67%","51,31%","51,60%","52,24%","40,82%","42,67%","50,52%","50,68%","50,27%","40,81%","62,12%","44,61%","45,64%","49,74%","55,55%","49,65%","61,36%","51,33%","29,68%","54,77%","46,72%","53,47%","49,73%","49,96%","59,71%","57,76%","49,39%","58,16%","50,34%","46,23%","48,46%","52,59%","48,87%","51,05%","44,52%","50,00%","47,82%","46,34%","50,68%","49,51%","61,46%","53,99%","49,73%","51,43%","50,71%","48,65%","45,05%","49,16%","50,97%","49,60%","46,94%","45,26%","55,92%","55,25%","52,96%","50,35%","49,63%","46,63%","52,90%","50,05%","49,94%","50,24%","51,51%","49,83%","50,34%","48,27%","47,38%","49,39%"
Sonic,"51,15%","51,44%","49,95%","45,62%","56,38%","48,51%","44,66%","52,49%","53,26%","51,34%","51,30%","46,71%","38,69%","44,08%","49,92%","55,70%","50,25%","46,11%","50,09%","52,82%","49,76%","50,57%","49,65%","51,74%","45,28%","50,10%","52,70%","48,32%","47,02%","50,13%","51,49%","45,25%","48,07%","55,11%","50,88%","49,54%","51,38%","50,39%","50,09%","47,15%","52,62%","56,80%","58,00%","51,56%","54,02%","53,61%","50,17%","52,16%","52,03%","45,28%","40,28%","56,17%","50,23%","52,94%","51,58%","50,42%","45,71%","50,61%","54,66%","57,05%","49,42%","40,47%","50,28%","63,95%","51,58%","55,02%","49,80%","38,12%","56,08%","53,97%","51,57%","50,60%","46,80%","49,55%","54,75%","53,02%","46,45%","41,12%","57,52%","50,31%","53,28%","32,32%","52,55%"
King Dedede,"50,61%","58,12%","46,51%","49,60%","50,19%","49,61%","46,67%","49,99%","53,79%","52,49%","40,14%","49,74%","48,67%","48,71%","45,03%","42,90%","47,46%","65,23%","50,86%","52,19%","60,75%","41,07%","39,94%","56,08%","41,39%","58,35%","47,29%","50,12%","50,76%","58,42%","49,97%","54,77%","50,50%","49,98%","49,79%","49,51%","55,05%","38,77%","53,15%","50,11%","49,46%","46,11%","52,00%","51,07%","49,95%","55,34%","63,22%","54,00%","49,80%","47,76%","49,09%","50,31%","55,29%","47,97%","61,00%","45,67%","54,28%","44,09%","56,21%","57,81%","39,91%","44,60%","47,60%","46,21%","62,40%","47,67%","40,47%","59,48%","49,96%","51,45%","43,71%","39,93%","52,23%","45,72%","50,53%","48,22%","44,99%","50,92%","48,53%","53,38%","48,57%","49,73%","61,05%"
Olimar,"50,59%","50,96%","50,44%","50,48%","34,16%","50,17%","49,37%","48,14%","34,46%","50,23%","49,36%","49,93%","49,80%","55,25%","50,76%","52,52%","41,48%","55,00%","56,56%","47,24%","39,42%","52,98%","52,15%","50,45%","56,92%","45,44%","49,54%","50,27%","42,68%","45,88%","45,43%","47,30%","50,23%","49,85%","53,35%","46,06%","40,89%","40,37%","47,61%","50,68%","50,02%","54,19%","50,28%","51,91%","55,16%","38,26%","43,56%","50,75%","55,36%","51,87%","46,34%","48,79%","55,38%","49,71%","44,70%","64,54%","31,53%","57,47%","45,86%","40,59%","56,54%","58,95%","67,35%","56,85%","43,74%","42,42%","52,34%","55,65%","49,52%","50,67%","55,34%","50,42%","49,55%","63,18%","38,73%","64,73%","49,22%","46,72%","49,99%","49,62%","53,82%","56,25%","55,65%"
Lucario,"49,81%","53,35%","56,70%","49,90%","47,07%","50,33%","49,10%","51,01%","40,40%","50,55%","59,91%","49,27%","50,25%","41,31%","50,66%","52,50%","49,24%","51,66%","52,09%","44,23%","51,44%","48,25%","49,17%","47,82%","60,45%","50,42%","54,54%","58,19%","49,71%","48,66%","50,20%","50,12%","50,67%","45,55%","50,53%","50,76%","49,69%","50,40%","43,95%","53,96%","46,33%","50,05%","50,30%","47,58%","55,75%","46,31%","44,90%","50,36%","49,94%","65,17%","50,29%","50,64%","52,08%","50,56%","50,61%","42,68%","45,01%","49,89%","49,30%","48,61%","52,21%","58,61%","49,67%","50,22%","41,82%","50,51%","50,33%","36,63%","49,31%","53,58%","53,70%","48,83%","49,37%","54,17%","50,03%","53,80%","47,87%","49,48%","48,10%","43,85%","50,24%","49,51%","45,46%"
R.O.B.,"51,31%","57,74%","48,44%","54,11%","50,24%","57,81%","44,41%","51,66%","52,06%","53,77%","48,37%","48,65%","51,82%","52,41%","50,58%","51,74%","56,70%","50,25%","50,53%","48,86%","55,86%","49,67%","51,33%","52,86%","48,58%","49,34%","53,07%","53,14%","51,56%","53,54%","49,79%","52,95%","54,50%","50,00%","46,00%","42,74%","50,10%","40,13%","42,34%","48,37%","49,85%","49,82%","50,11%","54,34%","43,59%","52,31%","55,28%","49,52%","55,96%","50,66%","48,73%","56,98%","50,26%","43,08%","55,04%","45,21%","51,30%","46,96%","51,86%","45,17%","51,27%","55,54%","47,94%","49,80%","60,74%","42,56%","44,69%","46,22%","44,43%","53,22%","49,79%","46,88%","50,20%","40,26%","51,49%","55,36%","49,63%","41,70%","51,81%","49,78%","51,43%","49,88%","55,88%"
Toon Link,"50,78%","50,02%","48,22%","57,54%","51,70%","43,87%","42,89%","50,45%","50,88%","43,10%","50,85%","51,92%","42,33%","49,20%","50,41%","39,70%","54,00%","53,49%","54,22%","50,47%","49,94%","56,38%","54,95%","50,22%","51,49%","50,29%","52,49%","54,49%","46,27%","47,14%","49,99%","49,86%","47,64%","44,79%","51,54%","46,77%","48,38%","49,32%","48,74%","49,22%","48,25%","52,85%","46,06%","50,05%","57,09%","50,77%","48,78%","49,32%","49,16%","47,75%","49,67%","48,12%","49,30%","49,78%","51,02%","52,78%","49,82%","60,28%","49,88%","48,99%","59,08%","56,78%","57,73%","54,80%","45,04%","41,27%","41,80%","56,78%","57,62%","49,66%","54,23%","45,90%","51,10%","57,25%","50,64%","47,69%","51,86%","54,41%","49,69%","52,35%","59,17%","42,74%","45,64%"
Wolf,"49,09%","49,54%","55,67%","52,31%","48,46%","47,78%","55,96%","44,80%","50,11%","52,96%","57,41%","51,44%","53,36%","50,32%","59,01%","60,38%","49,51%","46,02%","49,41%","46,53%","47,80%","49,30%","50,79%","49,63%","59,78%","45,69%","50,11%","52,00%","50,43%","46,65%","48,99%","42,92%","49,59%","48,52%","49,93%","52,07%","46,83%","53,53%","46,54%","50,19%","45,37%","44,50%","56,13%","43,58%","50,06%","44,91%","42,65%","46,07%","50,66%","52,97%","47,06%","47,12%","49,33%","47,23%","44,19%","47,39%","49,68%","50,95%","50,11%","43,33%","59,55%","64,00%","48,95%","47,18%","45,61%","49,85%","54,53%","48,84%","49,94%","49,45%","53,48%","49,64%","48,72%","48,99%","49,32%","55,48%","49,69%","49,45%","51,08%","46,07%","47,17%","57,60%","50,30%"
Villager,"49,70%","50,44%","43,63%","51,61%","39,32%","49,35%","58,87%","49,68%","49,13%","36,52%","43,44%","40,25%","55,80%","44,88%","50,52%","40,96%","50,63%","50,33%","64,20%","39,12%","61,06%","54,82%","51,14%","43,79%","39,51%","58,28%","49,06%","58,84%","61,66%","51,79%","57,25%","54,42%","49,26%","48,98%","58,29%","49,85%","37,77%","50,84%","46,43%","44,69%","61,00%","53,65%","47,74%","49,16%","55,11%","49,85%","52,20%","31,74%","49,88%","50,34%","51,09%","49,20%","53,00%","48,83%","58,77%","53,19%","39,22%","51,44%","38,69%","49,55%","41,22%","37,74%","62,88%","58,30%","59,09%","39,53%","44,77%","46,70%","41,50%","49,78%","56,51%","31,24%","49,44%","71,69%","41,81%","50,06%","54,09%","55,17%","47,77%","50,30%","57,63%","49,69%","54,63%"
Mega Man,"52,35%","50,71%","40,39%","53,56%","53,39%","53,37%","50,55%","50,43%","57,59%","49,93%","49,54%","48,06%","49,30%","49,25%","39,23%","47,18%","51,20%","55,04%","59,49%","52,92%","56,04%","48,94%","51,65%","53,67%","50,07%","56,29%","53,30%","46,74%","40,48%","49,67%","51,36%","50,84%","52,84%","43,70%","50,69%","49,21%","53,03%","46,25%","49,54%","36,48%","57,21%","56,25%","45,15%","51,82%","58,71%","47,52%","50,19%","48,28%","45,58%","49,38%","49,94%","50,29%","50,46%","50,33%","50,30%","49,88%","47,55%","54,02%","49,53%","45,44%","48,43%","49,56%","52,74%","52,05%","50,10%","50,39%","39,69%","50,73%","44,38%","48,69%","42,83%","37,34%","50,62%","62,10%","51,36%","51,62%","53,77%","58,70%","54,16%","45,87%","51,19%","50,99%","51,36%"
Wii Fit Trainer,"50,94%","52,02%","49,95%","53,60%","48,76%","45,06%","60,95%","57,19%","55,32%","49,24%","56,43%","53,53%","49,31%","43,24%","49,90%","50,73%","49,29%","44,72%","63,99%","58,07%","56,24%","51,43%","54,19%","50,38%","50,41%","54,50%","51,15%","50,84%","54,98%","53,29%","55,52%","48,82%","51,10%","41,71%","52,32%","50,55%","44,90%","50,81%","48,15%","46,24%","49,33%","49,71%","50,83%","50,23%","54,48%","68,82%","52,10%","50,06%","50,22%","56,66%","51,97%","50,71%","50,86%","49,11%","42,92%","42,08%","46,33%","49,86%","43,97%","42,86%","49,69%","49,81%","53,26%","52,70%","51,40%","49,66%","48,02%","50,30%","45,73%","58,11%","49,58%","42,62%","50,16%","46,69%","45,78%","49,14%","49,40%","50,24%","42,22%","53,63%","52,66%","50,17%","46,80%"
Rosalina & Luma,"51,54%","44,34%","36,81%","52,77%","39,86%","50,59%","50,55%","44,16%","50,69%","33,88%","39,07%","48,56%","40,56%","50,00%","53,52%","50,02%","49,90%","54,95%","43,88%","49,09%","49,37%","49,20%","49,26%","50,33%","47,42%","37,84%","49,11%","55,52%","41,89%","54,03%","49,06%","53,40%","45,56%","50,17%","53,90%","59,80%","50,48%","48,36%","47,58%","50,06%","43,92%","51,44%","43,64%","50,70%","49,90%","49,73%","54,35%","49,61%","49,79%","48,13%","48,96%","51,11%","55,89%","50,59%","55,93%","49,19%","50,89%","49,33%","42,84%","50,42%","49,27%","44,00%","58,94%","49,73%","55,51%","40,29%","50,22%","57,94%","51,63%","49,72%","50,81%","53,08%","49,22%","59,45%","57,12%","49,97%","58,70%","50,22%","50,77%","55,75%","51,35%","50,10%","56,43%"
Little Mac,"50,10%","44,54%","59,97%","53,69%","48,49%","43,22%","63,40%","46,59%","47,28%","63,91%","54,42%","51,60%","55,77%","56,80%","49,93%","39,91%","50,29%","42,00%","49,49%","50,64%","39,70%","52,84%","51,68%","51,15%","51,47%","42,06%","48,26%","49,64%","47,60%","52,81%","44,15%","45,81%","53,91%","48,22%","50,63%","49,57%","49,61%","55,59%","54,86%","52,60%","48,45%","34,58%","49,77%","52,43%","47,16%","49,60%","50,22%","43,90%","51,34%","50,09%","51,00%","42,10%","48,72%","51,02%","39,20%","62,02%","42,62%","51,89%","59,11%","45,92%","52,37%","49,32%","45,57%","43,22%","41,09%","53,07%","64,57%","56,35%","62,54%","49,74%","52,49%","34,59%","54,68%","42,58%","49,93%","44,16%","41,05%","62,51%","52,68%","50,01%","51,41%","53,09%","47,50%"
Greninja,"50,44%","50,08%","51,67%","50,51%","51,10%","53,87%","52,44%","54,22%","49,73%","57,51%","56,75%","54,71%","56,10%","58,56%","49,92%","50,20%","49,12%","43,19%","50,28%","49,93%","50,30%","43,07%","43,85%","53,17%","43,47%","43,80%","43,81%","42,10%","55,23%","44,43%","53,10%","48,75%","56,38%","54,43%","50,76%","55,79%","54,49%","49,66%","59,82%","51,20%","53,71%","49,73%","51,51%","50,41%","53,29%","48,59%","50,25%","48,23%","50,54%","49,18%","50,02%","51,08%","46,19%","51,65%","43,06%","51,68%","45,64%","52,06%","56,09%","50,39%","50,50%","45,62%","49,78%","50,33%","55,10%","51,90%","51,46%","44,51%","50,11%","49,71%","49,68%","45,25%","47,40%","47,53%","54,11%","50,62%","48,18%","37,80%","52,48%","43,75%","47,20%","41,43%","48,35%"
Mii Fighter (Brawler),"51,20%","45,44%","47,95%","49,89%","50,55%","51,81%","55,79%","47,71%","46,74%","56,38%","50,79%","49,47%","46,81%","50,70%","50,62%","55,85%","41,82%","50,77%","49,05%","45,91%","49,76%","51,50%","50,83%","46,88%","53,81%","47,25%","50,93%","50,48%","46,64%","46,43%","44,14%","46,75%","50,88%","47,97%","48,78%","50,69%","47,30%","51,86%","43,76%","49,70%","51,20%","48,97%","43,06%","51,97%","53,22%","50,53%","48,90%","49,29%","48,42%","58,46%","48,77%","49,95%","44,46%","49,82%","52,88%","48,87%","50,38%","53,99%","46,45%","45,77%","49,99%","52,71%","50,89%","49,75%","43,92%","50,70%","53,34%","49,18%","47,60%","48,95%","50,69%","49,59%","50,30%","49,59%","48,56%","50,42%","50,93%","48,31%","50,67%","54,47%","49,63%","58,83%","50,76%"
Mii Fighter (Swordfighter),"51,19%","51,87%","49,71%","47,52%","46,32%","49,80%","49,54%","55,74%","50,00%","50,31%","48,76%","51,66%","60,76%","49,38%","50,46%","43,55%","52,78%","49,52%","49,37%","58,81%","49,73%","47,97%","50,10%","49,78%","47,98%","51,43%","50,04%","50,83%","45,38%","50,85%","51,70%","52,02%","50,53%","47,54%","49,78%","50,71%","50,63%","53,56%","49,94%","44,79%","44,65%","47,66%","49,96%","50,75%","50,88%","46,50%","49,73%","49,26%","43,96%","51,53%","53,88%","55,23%","49,99%","53,04%","49,14%","46,37%","49,85%","52,29%","49,49%","41,46%","54,84%","56,32%","49,00%","51,61%","45,06%","49,10%","49,24%","49,11%","54,98%","48,60%","49,82%","58,07%","52,10%","50,16%","50,67%","56,01%","50,04%","49,80%","42,53%","49,23%","55,89%","54,32%","50,73%"
Mii Fighter (Gunner),"51,67%","55,33%","49,81%","53,86%","45,84%","52,93%","50,35%","56,51%","49,15%","32,68%","50,58%","49,36%","50,78%","45,43%","47,40%","43,98%","50,07%","54,58%","54,32%","38,21%","60,74%","49,35%","47,35%","49,70%","49,60%","50,52%","49,78%","49,37%","52,45%","49,10%","50,85%","56,28%","50,76%","40,19%","51,31%","47,05%","45,02%","47,75%","46,89%","52,36%","50,36%","49,29%","57,34%","50,21%","53,19%","51,02%","49,80%","51,01%","49,14%","49,92%","48,06%","50,07%","46,48%","49,95%","49,54%","44,97%","50,82%","47,17%","46,74%","49,99%","49,14%","50,29%","55,54%","50,58%","50,88%","47,12%","42,46%","52,79%","49,28%","49,68%","48,29%","46,56%","49,98%","61,53%","51,13%","57,53%","49,18%","50,84%","47,95%","49,74%","49,79%","49,96%","44,58%"
Palutena,"49,17%","51,03%","42,64%","46,70%","50,32%","49,88%","61,51%","50,69%","53,64%","48,42%","41,35%","52,11%","46,16%","52,41%","48,34%","50,49%","51,84%","46,26%","48,42%","48,16%","53,76%","55,56%","56,12%","49,91%","48,89%","47,76%","56,72%","53,74%","42,19%","52,71%","57,92%","52,07%","50,62%","49,73%","49,92%","55,68%","57,19%","50,28%","48,81%","39,79%","55,00%","49,50%","45,61%","49,27%","56,07%","41,30%","49,49%","56,77%","44,34%","60,73%","56,66%","47,40%","50,77%","50,35%","50,06%","42,14%","49,84%","49,82%","43,86%","45,60%","50,99%","54,14%","52,87%","52,62%","53,80%","54,74%","44,40%","40,55%","45,24%","45,60%","49,87%","49,46%","53,26%","50,80%","49,44%","50,59%","52,61%","49,78%","47,98%","54,76%","49,89%","52,36%","50,73%"
Pac-Man,"50,06%","48,74%","56,05%","54,95%","59,88%","46,12%","42,38%","50,58%","39,87%","39,94%","45,78%","49,98%","39,07%","45,57%","50,59%","35,42%","50,53%","57,08%","52,18%","35,07%","55,96%","48,98%","49,91%","46,34%","55,40%","50,26%","50,51%","49,27%","50,28%","42,90%","50,62%","44,58%","47,02%","51,75%","51,16%","45,47%","39,94%","36,68%","49,69%","54,56%","35,87%","57,79%","54,85%","47,42%","52,90%","46,48%","50,29%","57,85%","50,23%","38,07%","48,43%","50,90%","53,52%","54,42%","58,33%","50,01%","55,20%","52,49%","48,17%","40,57%","42,56%","43,67%","51,84%","55,94%","47,23%","36,54%","49,12%","58,54%","55,63%","48,77%","47,57%","51,35%","50,31%","57,59%","43,15%","51,93%","52,52%","47,65%","47,96%","51,76%","52,05%","52,88%","43,86%"
Robin,"49,86%","53,69%","45,64%","52,88%","56,54%","52,32%","50,56%","56,53%","60,66%","38,38%","47,60%","50,12%","48,79%","46,24%","44,63%","41,10%","55,50%","54,76%","52,90%","53,33%","61,65%","50,53%","50,45%","50,03%","50,11%","56,98%","50,34%","51,71%","49,44%","49,84%","50,33%","57,01%","48,24%","51,81%","49,52%","40,23%","53,73%","45,20%","54,36%","46,22%","67,78%","55,37%","49,15%","50,30%","50,47%","60,54%","52,60%","53,72%","48,99%","57,61%","54,37%","49,76%","50,21%","49,35%","50,30%","45,13%","50,08%","47,38%","40,81%","58,28%","52,20%","54,36%","53,73%","50,09%","56,03%","51,91%","35,77%","51,17%","45,23%","54,35%","37,62%","50,08%","50,20%","54,25%","50,71%","50,29%","50,14%","48,40%","41,31%","49,77%","49,30%","48,15%","40,21%"
Shulk,"50,29%","47,38%","52,27%","46,08%","55,59%","50,50%","52,36%","49,14%","52,95%","38,85%","43,88%","49,90%","50,44%","50,85%","50,63%","50,55%","49,98%","45,95%","35,05%","50,18%","48,15%","49,93%","50,70%","41,09%","58,42%","54,96%","49,56%","49,43%","45,86%","42,16%","50,39%","41,48%","50,06%","64,09%","50,60%","53,34%","51,98%","50,53%","49,52%","56,00%","42,71%","50,12%","53,03%","39,99%","48,97%","48,16%","46,58%","50,16%","50,36%","48,19%","47,96%","46,07%","47,71%","52,22%","50,20%","47,47%","52,77%","49,96%","52,79%","38,51%","49,66%","49,12%","48,01%","49,86%","48,20%","45,34%","67,37%","47,21%","67,64%","44,50%","58,82%","59,04%","48,74%","52,88%","60,68%","50,27%","50,09%","49,55%","45,59%","49,47%","42,79%","46,62%","55,75%"
Bowser Jr.,"50,76%","55,11%","49,35%","50,32%","54,20%","55,12%","49,62%","49,41%","50,31%","50,03%","49,84%","49,68%","50,36%","50,56%","47,68%","49,91%","50,75%","52,38%","51,12%","49,17%","46,16%","45,80%","46,46%","48,08%","47,35%","51,61%","52,35%","54,82%","45,29%","51,02%","48,57%","50,28%","50,49%","55,40%","51,73%","49,79%","49,08%","47,80%","45,80%","44,19%","54,20%","51,04%","48,58%","50,35%","50,01%","61,33%","50,85%","56,13%","56,35%","41,14%","44,21%","53,37%","50,56%","52,90%","56,68%","52,02%","59,75%","47,28%","50,08%","46,59%","49,74%","48,17%","50,18%","49,85%","54,51%","50,38%","43,60%","43,61%","48,24%","57,62%","50,54%","49,80%","49,87%","48,33%","52,73%","48,81%","47,71%","40,65%","57,11%","48,68%","53,97%","44,67%","52,32%"
Duck Hunt,"53,22%","50,18%","40,93%","50,93%","33,81%","39,04%","45,57%","49,90%","49,86%","43,23%","49,01%","49,63%","40,57%","36,80%","46,89%","35,31%","49,79%","61,19%","68,15%","46,95%","57,00%","58,25%","55,50%","43,52%","41,52%","45,28%","46,93%","50,97%","50,60%","45,18%","50,32%","46,61%","47,67%","58,56%","50,72%","48,15%","42,36%","47,86%","42,60%","41,55%","60,48%","52,00%","55,58%","51,45%","57,95%","50,45%","55,34%","58,04%","49,42%","54,95%","49,60%","54,65%","59,50%","50,03%","55,31%","60,65%","40,65%","62,86%","54,13%","50,08%","51,50%","46,52%","61,11%","55,45%","45,03%","51,34%","36,08%","63,23%","63,98%","45,98%","46,79%","50,10%","54,73%","67,57%","49,25%","50,60%","49,55%","49,07%","44,26%","47,37%","61,25%","48,09%","49,21%"
Ryu,"50,16%","50,10%","52,00%","54,65%","52,96%","48,70%","49,71%","50,53%","49,16%","51,89%","50,43%","56,48%","58,25%","57,77%","58,81%","50,31%","45,01%","44,42%","51,67%","49,95%","49,37%","55,58%","51,26%","43,04%","66,94%","51,12%","51,10%","46,05%","56,22%","44,15%","47,70%","45,25%","49,53%","42,11%","50,00%","38,48%","48,45%","50,81%","50,57%","60,18%","43,50%","47,50%","48,85%","41,01%","39,81%","58,51%","51,56%","50,29%","51,42%","47,59%","49,45%","51,17%","45,10%","50,65%","48,83%","57,35%","47,71%","50,22%","50,26%","48,75%","49,92%","52,32%","48,66%","50,39%","39,06%","53,31%","56,62%","51,70%","51,89%","49,14%","49,54%","49,93%","49,56%","44,69%","49,66%","49,47%","49,84%","50,22%","50,33%","47,44%","49,66%","49,61%","44,25%"
Ken (Echo),"50,12%","51,25%","50,16%","52,81%","52,55%","53,86%","58,98%","49,20%","56,69%","60,15%","58,83%","49,28%","53,19%","53,97%","50,35%","59,91%","42,74%","47,21%","50,06%","54,20%","48,21%","53,07%","51,64%","41,46%","55,57%","47,94%","48,93%","48,42%","65,71%","46,02%","43,39%","42,75%","47,63%","52,27%","47,27%","40,15%","52,18%","54,98%","59,50%","55,70%","41,52%","41,28%","45,03%","43,65%","35,65%","62,18%","50,64%","50,31%","55,18%","51,00%","54,45%","47,51%","44,01%","49,84%","45,93%","56,44%","45,87%","50,93%","52,11%","53,13%","47,71%","50,07%","47,59%","45,34%","46,96%","53,88%","59,55%","52,71%","43,05%","50,80%","46,26%","61,76%","45,55%","42,13%","45,93%","47,03%","48,55%","46,98%","56,77%","40,05%","45,77%","46,64%","49,58%"
Cloud,"48,89%","50,40%","57,06%","50,01%","49,68%","44,90%","50,21%","46,50%","50,25%","49,92%","47,56%","53,70%","51,79%","47,96%","60,32%","41,40%","50,24%","41,65%","47,56%","50,34%","48,04%","54,37%","53,65%","47,10%","56,63%","48,18%","54,99%","53,39%","44,60%","51,97%","51,82%","47,58%","50,28%","52,44%","53,73%","51,36%","48,96%","50,55%","49,89%","52,56%","34,38%","50,48%","52,13%","43,20%","51,34%","37,75%","48,10%","47,34%","41,89%","54,48%","50,30%","49,33%","50,91%","45,26%","47,55%","48,53%","46,83%","51,90%","49,99%","40,80%","51,17%","52,52%","50,11%","49,99%","47,95%","49,43%","56,98%","50,41%","56,89%","40,27%","54,28%","49,78%","54,44%","48,38%","49,84%","50,77%","50,76%","57,24%","44,48%","50,38%","49,83%","53,99%","46,10%"
Corrin,49%,"49,61%","56,16%","51,81%","54,91%","43,21%","42,37%","51,07%","49,36%","49,95%","40,18%","52,71%","49,16%","51,41%","58,02%","45,63%","51,67%","44,61%","46,72%","47,80%","48,45%","45,65%","49,42%","50,03%","57,05%","49,86%","51,99%","51,08%","47,43%","50,04%","49,86%","48,51%","49,45%","56,10%","49,38%","50,30%","50,74%","48,71%","37,65%","54,01%","44,12%","50,00%","50,56%","46,02%","53,22%","42,15%","48,89%","47,99%","50,12%","56,88%","49,85%","50,28%","48,91%","49,50%","47,89%","44,77%","50,16%","50,28%","50,52%","45,81%","49,70%","54,80%","50,29%","50,17%","52,04%","44,66%","52,37%","55,39%","54,52%","41,83%","51,70%","55,10%","53,12%","48,34%","55,68%","55,21%","49,92%","46,40%","50,14%","50,07%","53,07%","51,58%","52,07%"
Bayonetta,"50,44%","45,55%","46,61%","42,78%","46,43%","43,70%","50,01%","52,56%","44,86%","49,85%","47,93%","54,37%","41,92%","50,83%","51,95%","69,71%","44,09%","47,16%","49,55%","52,53%","51,49%","50,29%","49,65%","51,12%","52,07%","47,65%","54,11%","50,77%","47,51%","41,69%","44,02%","46,42%","49,78%","59,56%","43,56%","49,60%","55,16%","50,14%","48,73%","37,92%","56,21%","58,75%","39,90%","55,04%","54,82%","40,56%","50,11%","48,86%","44,52%","59,27%","45,10%","55,71%","54,87%","49,14%","46,19%","52,89%","44,06%","51,82%","45,73%","54,50%","60,82%","53,29%","52,51%","48,16%","50,04%","56,83%","45,58%","35,19%","46,86%","56,09%","58,72%","68,71%","50,08%","55,77%","52,58%","49,90%","49,85%","50,18%","47,09%","58,82%","52,92%","59,80%","50,58%"
Inkling,"48,86%","56,35%","47,47%","53,46%","52,07%","55,61%","49,11%","52,41%","48,06%","52,06%","57,96%","44,51%","57,75%","57,56%","50,59%","62,93%","49,05%","44,58%","59,53%","50,71%","49,76%","49,19%","48,79%","54,92%","45,72%","48,95%","49,34%","45,77%","52,41%","44,13%","49,69%","44,13%","52,68%","45,37%","55,52%","52,32%","50,71%","52,86%","45,79%","52,51%","57,00%","49,66%","57,04%","58,21%","50,46%","59,81%","49,34%","50,44%","58,04%","47,51%","48,51%","49,36%","50,90%","52,18%","45,71%","62,81%","48,57%","54,43%","49,80%","49,19%","47,04%","46,71%","51,03%","55,88%","43,90%","50,11%","42,75%","48,98%","49,54%","51,56%","48,20%","47,78%","44,30%","48,93%","49,57%","48,27%","46,39%","41,83%","53,81%","46,02%","50,21%","48,71%","54,90%"
Ridley,"49,56%","49,54%","52,98%","49,89%","52,27%","50,38%","47,92%","46,07%","53,43%","49,84%","52,17%","46,49%","56,69%","54,21%","45,30%","49,55%","50,45%","49,42%","39,77%","49,02%","48,69%","39,33%","41,33%","57,34%","46,36%","50,06%","44,14%","47,82%","50,50%","54,24%","47,98%","55,34%","50,57%","53,26%","42,51%","49,90%","50,31%","54,51%","50,28%","59,33%","47,96%","49,84%","55,10%","57,77%","45,62%","54,81%","59,48%","51,92%","49,51%","36,15%","48,74%","46,95%","50,71%","56,35%","55,76%","50,86%","64,18%","33,27%","56,30%","61,90%","43,63%","41,00%","43,10%","47,97%","54,32%","57,71%","50,03%","54,85%","55,34%","52,88%","42,18%","55,88%","47,85%","42,83%","51,16%","41,54%","49,63%","50,31%","49,39%","50,17%","40,83%","50,02%","58,05%"
Simon & Richter,"51,41%","53,29%","47,50%","46,69%","53,87%","53,12%","49,33%","52,15%","63,93%","38,89%","42,07%","52,94%","56,54%","48,94%","48,99%","27,00%","64,89%","51,99%","43,75%","56,35%","53,10%","48,30%","47,84%","40,39%","40,82%","51,54%","49,80%","50,85%","50,43%","64,15%","61,50%","66,31%","51,81%","49,52%","44,16%","49,59%","51,65%","41,86%","62,24%","39,96%","43,94%","64,71%","53,92%","42,82%","51,23%","53,09%","49,49%","49,66%","41,48%","43,10%","55,60%","50,69%","50,81%","47,01%","60,31%","40,71%","48,56%","52,73%","56,76%","37,38%","47,74%","46,94%","49,46%","43,79%","65,54%","51,22%","44,29%","49,91%","49,39%","59,58%","39,45%","44,46%","55,81%","49,45%","55,56%","44,54%","50,46%","59,49%","39,40%","48,96%","56,29%","40,31%","48,02%"
King K. Rool,"49,99%","55,87%","49,95%","48,53%","50,55%","47,60%","49,20%","58,03%","56,46%","54,67%","52,91%","54,85%","56,27%","57,89%","51,91%","43,40%","55,30%","51,57%","49,42%","49,24%","49,83%","42,19%","44,38%","47,74%","54,91%","55,19%","48,47%","43,93%","50,25%","63,89%","46,36%","44,86%","53,27%","47,07%","40,70%","48,78%","47,75%","43,92%","44,69%","50,53%","50,62%","50,90%","55,74%","43,11%","50,27%","58,44%","55,63%","54,42%","48,48%","38,08%","50,06%","52,26%","45,56%","50,70%","55,30%","44,82%","55,27%","32,87%","52,16%","38,09%","48,35%","57,28%","43,24%","45,89%","53,43%","51,08%","44,87%","50,50%","50,15%","48,70%","52,16%","50,50%","50,42%","44,20%","46,40%","49,82%","51,52%","53,09%","50,19%","49,62%","47,44%","54,23%","48,79%"
Isabelle,"50,42%","47,92%","50,16%","52,65%","43,44%","50,46%","50,12%","49,34%","45,10%","41,88%","49,49%","50,27%","50,34%","50,75%","53,58%","47,73%","50,05%","49,38%","56,39%","43,75%","49,62%","50,47%","58,60%","53,82%","52,88%","49,55%","53,18%","51,56%","46,41%","47,06%","53,12%","50,04%","46,80%","50,47%","60,33%","51,77%","37,67%","46,22%","46,65%","49,10%","49,75%","46,57%","47,44%","50,54%","50,78%","50,28%","51,76%","42,56%","50,20%","50,51%","50,47%","51,10%","51,62%","50,37%","55,06%","51,59%","46,01%","55,78%","42,86%","53,78%","51,01%","49,43%","61,01%","59,42%","44,31%","48,74%","47,29%","41,13%","52,00%","50,16%","59,24%","33,78%","50,93%","67,97%","49,14%","52,46%","50,67%","50,44%","52,87%","48,86%","55,08%","47,09%","50,52%"
Incineroar,"48,83%","50,96%","54,98%","42,28%","53,22%","44,36%","52,12%","42,41%","46,94%","47,74%","51,88%","49,70%","51,61%","50,39%","51,46%","60,12%","43,39%","49,30%","45,67%","49,40%","41,13%","42,39%","47,62%","49,23%","59,18%","53,38%","47,54%","45,21%","50,34%","54,85%","47,69%","50,08%","50,23%","40,45%","51,05%","51,04%","47,74%","49,37%","48,76%","56,02%","45,24%","46,53%","50,26%","46,25%","46,71%","43,57%","56,37%","50,32%","49,00%","47,86%","50,30%","49,27%","50,13%","50,90%","50,18%","52,20%","62,06%","41,63%","49,55%","52,30%","50,34%","53,58%","45,92%","48,66%","41,91%","52,05%","57,72%","58,93%","48,29%","41,71%","50,01%","48,24%","49,44%","49,56%","46,95%","49,99%","50,32%","58,26%","51,25%","50,15%","47,58%","55,17%","52,69%"
Piranha Plant,"49,54%","52,36%","40,98%","45,19%","51,68%","43,74%","49,23%","49,32%","44,21%","45,38%","46,87%","50,78%","44,40%","53,52%","38,39%","38,02%","46,36%","62,92%","51,94%","50,28%","52,60%","49,96%","46,63%","50,18%","47,49%","57,24%","49,25%","49,19%","49,41%","39,34%","54,58%","39,33%","49,41%","58,11%","48,28%","47,91%","48,82%","49,99%","49,42%","59,92%","49,52%","51,17%","52,96%","53,84%","50,34%","68,24%","61,74%","56,98%","46,67%","65,33%","54,46%","50,24%","42,10%","52,58%","50,53%","48,55%","49,91%","40,83%","50,19%","49,99%","49,91%","38,31%","50,24%","44,77%","31,52%","52,44%","43,81%","54,66%","49,57%","66,08%","51,74%","49,92%","51,00%","54,43%","52,42%","49,75%","48,73%","47,01%","52,58%","49,40%","48,54%","56,45%","45,48%"
Joker,"47,24%","50,23%","50,49%","51,28%","49,64%","50,57%","56,63%","52,52%","56,75%","51,55%","50,37%","52,32%","55,75%","50,64%","50,04%","50,99%","52,14%","49,91%","49,19%","59,02%","48,74%","49,59%","49,91%","50,17%","48,21%","50,81%","46,65%","45,29%","50,73%","55,31%","54,58%","50,08%","52,20%","47,18%","52,09%","52,14%","50,27%","52,56%","52,46%","48,00%","50,23%","50,35%","49,73%","48,92%","51,02%","50,56%","49,53%","49,73%","50,22%","45,75%","51,89%","49,48%","47,97%","50,43%","46,89%","49,54%","49,79%","50,64%","50,04%","45,94%","50,16%","53,74%","45,80%","47,22%","49,81%","55,38%","51,77%","44,61%","49,75%","49,32%","50,44%","48,77%","49,91%","47,11%","49,40%","50,28%","50,31%","44,74%","49,89%","47,29%","45,00%","49,53%","49,83%"
Hero,"49,76%","52,40%","59,36%","49,26%","49,79%","47,77%","50,92%","55,84%","50,08%","46,44%","45,51%","59,08%","49,62%","45,34%","56,67%","33,98%","52,51%","41,70%","51,70%","50,06%","50,51%","51,44%","54,93%","45,03%","53,27%","50,45%","59,30%","55,65%","40,03%","52,05%","56,09%","53,29%","49,80%","45,22%","51,89%","49,55%","46,22%","46,08%","50,49%","54,35%","37,29%","45,72%","59,40%","43,04%","51,10%","28,00%","39,11%","53,20%","40,77%","57,49%","52,36%","50,10%","49,80%","39,29%","49,20%","42,48%","45,81%","47,01%","51,72%","34,37%","54,97%","57,87%","51,87%","52,04%","44,35%","51,31%","57,39%","50,37%","56,07%","32,58%","50,42%","45,34%","52,89%","49,97%","41,83%","56,81%","53,32%","51,06%","45,00%","47,86%","50,31%","51,45%","44,48%"
Banjo,"52,56%","54,44%","51,59%","47,89%","45,43%","47,00%","49,76%","53,50%","44,55%","50,25%","45,75%","50,14%","42,12%","46,13%","49,88%","37,98%","49,30%","57,23%","53,98%","46,94%","60,87%","50,23%","49,60%","44,66%","50,27%","48,66%","55,99%","49,62%","50,15%","44,22%","47,76%","48,55%","51,17%","47,56%","48,35%","49,57%","45,98%","49,01%","45,37%","49,65%","62,26%","50,08%","48,89%","49,57%","51,15%","58,95%","49,26%","54,88%","42,55%","50,27%","45,85%","51,71%","49,40%","48,95%","50,30%","57,71%","49,45%","38,45%","47,34%","50,00%","50,57%","54,86%","50,32%","43,73%","47,43%","50,63%","48,71%","44,37%","54,60%","51,62%","53,79%","47,19%","50,54%","59,13%","50,13%","54,18%","48,75%","51,81%","51,45%","45,91%","54,93%","55,83%","53,56%"
Terry,51%,"44,73%","51,50%","48,97%","50,53%","46,77%","60,34%","46,59%","45,16%","50,11%","51,51%","49,93%","50,62%","45,30%","57,40%","54,11%","45,52%","50,26%","49,59%","50,35%","43,56%","49,75%","53,00%","45,83%","60,15%","45,58%","46,66%","53,63%","55,85%","50,39%","36,34%","49,70%","41,47%","55,26%","55,70%","46,23%","50,58%","50,34%","47,21%","52,19%","35,17%","45,92%","44,94%","52,58%","44,11%","49,82%","48,93%","51,12%","50,72%","56,42%","49,50%","49,58%","43,95%","42,77%","49,44%","48,08%","49,88%","49,72%","51,53%","49,73%","50,52%","53,37%","49,26%","44,51%","50,20%","52,25%","59,31%","55,26%","50,38%","47,82%","50,16%","50,24%","49,16%","42,81%","46,36%","50,05%","51,35%","51,05%","49,80%","48,86%","50,25%","56,53%","49,42%"
Byleth,"47,81%","48,25%","49,13%","46,81%","56,28%","49,91%","51,66%","49,73%","54,80%","53,46%","50,00%","51,82%","51,62%","50,10%","49,59%","48,43%","51,85%","42,55%","46,16%","55,28%","50,31%","45,79%","45,90%","49,85%","49,45%","50,68%","51,16%","50,02%","46,37%","50,28%","53,07%","51,38%","50,43%","50,51%","50,45%","51,46%","53,63%","49,54%","53,10%","54,63%","50,68%","52,07%","50,34%","48,53%","50,41%","46,10%","47,15%","50,56%","42,23%","58,27%","51,53%","49,22%","49,10%","50,04%","47,76%","47,83%","49,97%","49,95%","52,11%","50,28%","50,06%","51,35%","49,60%","50,28%","50,10%","53,74%","50,41%","49,43%","49,03%","49,84%","49,84%","50,91%","49,65%","46,97%","50,84%","48,94%","50,05%","52,13%","47,91%","50,03%","42,94%","49,89%","48,10%"
Min Min,"51,01%","53,59%","56,55%","48,70%","45,52%","57,34%","52,42%","55,66%","61,07%","48,99%","48,76%","51,13%","68,14%","46,42%","49,96%","38,74%","61,63%","50,88%","42,20%","53,17%","53,52%","49,17%","50,48%","47,46%","46,36%","45,05%","51,30%","41,35%","48,80%","63,91%","51,49%","58,46%","58,50%","45,07%","46,04%","49,44%","57,45%","47,42%","59,10%","49,26%","53,36%","50,58%","58,51%","45,63%","50,70%","44,25%","41,97%","49,83%","49,58%","37,12%","62,46%","51,55%","50,19%","49,12%","50,26%","52,46%","51,86%","50,40%","59,81%","50,90%","49,70%","53,28%","42,10%","54,26%","49,85%","59,16%","49,67%","40,56%","46,99%","49,71%","40,79%","52,98%","55,69%","48,77%","48,55%","49,07%","47,37%","50,00%","40,55%","46,15%","43,51%","43,91%","46,13%"
Steve,"52,03%","43,80%","49,17%","50,87%","46,87%","50,53%","42,77%","47,63%","49,63%","41,50%","43,56%","49,63%","39,83%","44,15%","43,61%","43,82%","44,66%","49,63%","42,22%","46,00%","50,96%","48,50%","47,75%","49,00%","50,41%","45,46%","48,39%","52,52%","38,93%","45,97%","42,77%","55,24%","42,66%","58,22%","49,85%","50,89%","43,45%","49,72%","42,28%","51,77%","50,01%","52,18%","48,31%","50,43%","48,65%","52,08%","46,19%","58,24%","48,77%","47,15%","47,36%","49,16%","57,82%","51,92%","52,28%","52,18%","59,61%","54,63%","42,44%","55,67%","49,54%","42,72%","56,37%","49,87%","53,17%","45,58%","50,66%","60,56%","49,90%","47,13%","48,25%","46,85%","49,82%","55,30%","48,81%","50,24%","52,33%","59,80%","49,99%","61,64%","56,24%","48,29%","52,81%"
Sephiroth,"48,26%","49,38%","52,88%","47,83%","48,94%","49,62%","51,48%","52,79%","55,44%","39,56%","47,60%","51,15%","52,39%","50,00%","50,21%","40,66%","54,81%","50,09%","44,21%","53,97%","45,20%","44,31%","43,39%","50,15%","52,62%","51,47%","52,78%","50,23%","46,51%","52,64%","51,17%","54,43%","56,41%","49,19%","52,85%","52,95%","55,99%","49,65%","49,66%","46,85%","50,22%","55,82%","50,15%","47,74%","53,72%","49,25%","53,46%","46,59%","44,32%","49,95%","55,47%","45,71%","50,55%","49,97%","45,27%","48,18%","50,19%","50,10%","51,07%","51,65%","51,86%","59,20%","49,63%","49,99%","41,62%","53,96%","49,76%","50,24%","50,39%","51,02%","49,74%","50,37%","52,44%","51,68%","53,21%","50,71%","49,90%","53,13%","39,46%","49,89%","49,86%","47,64%","48,19%"
Aegis,"49,51%","48,74%","56,67%","49,72%","48,53%","49,37%","51,61%","53,34%","50,43%","49,78%","47,64%","54,32%","50,03%","49,53%","57,99%","42,35%","52,58%","47,48%","47,73%","53,49%","50,10%","50,38%","53,17%","44,87%","58,05%","50,30%","51,59%","51,89%","43,50%","49,69%","52,38%","45,08%","49,37%","48,03%","51,69%","54,82%","50,19%","51,28%","47,03%","51,58%","46,39%","49,79%","48,84%","41,27%","53,02%","42,12%","49,26%","47,58%","48,35%","48,78%","52,72%","50,27%","44,34%","50,09%","50,16%","48,01%","50,86%","57,00%","46,26%","40,09%","50,25%","54,29%","50,28%","47,09%","47,21%","49,88%","59,44%","43,96%","52,86%","45,35%","52,55%","51,27%","55,24%","49,95%","45,73%","49,86%","57,71%","56,11%","44,20%","50,31%","49,99%","48,11%","45,83%"
Kazuya,"50,42%","41,10%","52,66%","44,01%","50,28%","45,37%","58,16%","40,35%","51,42%","58,81%","57,05%","46,67%","47,20%","46,62%","38,79%","54,69%","43,90%","44,53%","39,39%","57,86%","40,11%","42,17%","43,35%","51,32%","49,35%","51,00%","40,14%","44,35%","57,32%","53,58%","38,98%","50,92%","41,93%","51,51%","49,99%","50,06%","52,32%","51,95%","67,41%","50,23%","43,49%","50,39%","50,08%","57,05%","41,59%","50,01%","49,14%","49,74%","49,53%","46,65%","58,34%","40,98%","45,35%","49,81%","47,20%","46,75%","51,78%","53,07%","55,28%","51,46%","50,54%","53,27%","45,41%","48,18%","39,77%","51,29%","49,83%","58,83%","45,54%","52,98%","43,94%","42,79%","50,27%","48,09%","44,44%","43,38%","49,92%","55,70%","51,26%","51,98%","51,62%","49,84%","46,75%"
Sora,"47,76%","48,42%","43,12%","50,87%","56,94%","46,07%","35,21%","55,42%","52,06%","50,03%","44,36%","49,90%","40,44%","39,40%","49,54%","46,69%","51,24%","52,90%","49,75%","50,91%","50,29%","45,96%","46,17%","54,36%","47,98%","53,63%","49,02%","46,83%","47,87%","50,34%","48,97%","51,21%","43,62%","55,91%","46,73%","45,19%","51,86%","50,11%","47,42%","39,65%","44,58%","53,89%","44,47%","53,35%","49,53%","45,02%","48,71%","52,29%","43,61%","51,90%","50,91%","49,76%","49,89%","53,55%","48,99%","55,06%","58,82%","44,20%","47,59%","50,34%","54,44%","50,20%","53,58%","47,90%","49,11%","45,02%","41,93%","50,73%","50,84%","49,41%","46,97%","53,46%","50,26%","54,52%","46,70%","50,47%","51,58%","52,80%","46,99%","51,09%","53,35%","52,01%","49,77%"